/*MODIFICAR LAS INSERCCIONES DE LA TABLA VISTA*/
INSERT INTO `tbl_vista` (`idVista`, `descripcionVista`, `urlVista`, `iconoVista`,`estado`) VALUES

(1, 'Registrar Persona', 'Usuarios/ctrlRegistrarpersona', 'check','Activo'),

(2, 'Consultar Persona', 'Usuarios/ctrlConsultarPersona', 'search','Activo'),

(3, 'Asignar Permisos', 'Usuarios/ctrlPermisos', 'key','Activo'),

(4, 'Registrar Reporte Inicial', 'ReporteInicial/ctrlRegistrarReporteInicial', 'pencil','Activo'),

(5, 'Consultar Reporte Inicial', 'ReporteInicial/ctrlConsultarReporte', 'files-o','Activo'),

(6, 'Reportar Emergencia', 'ReporteInicial/ctrlChatUsuario', 'comments-o','Activo'),

(7, 'Asignación de Personal', 'Despachador/ctrlAsignacionPersonal', 'users','Activo'),

(8, 'Modificación del Personal', 'Despachador/ctrlModificarAsignacion', 'pencil-square-o','Activo'),

(9, 'Gestionar Despacho', 'Despachador/ctrlDespacho', 'paper-plane','Activo'),

(10, 'Consultar Reportes Despacho', 'Despachador/ctrlListarDespacho', 'search','Activo'),

(11, 'Consultar Reportes APH', 'ReporteAPH/ctrlIndex', 'file-text-o','Activo'),

(12, 'Control de Autorizaciones ', 'ReporteAPH/ctrlcontrolautorizacion', 'list-alt','Activo'),

(13, 'Gestión Estándar Kit', 'Stock/ctrlKit', 'suitcase','Activo'),

(14, 'Gestión Recursos', 'Stock/ctrlRecurso', 'stethoscope','Activo'),

(15, 'Registrar Asignación', 'Stock/ctrlRegistroAsignacion', 'check-square-o','Activo'),

(16, 'Consultar Asignación', 'Stock/ctrlConsultarAsignacion', 'folder-open','Activo'),

(17, 'Gestión Novedades', 'Stock/ctrlNovedad', 'file-text-o','Activo'),

(18, 'Gestión Devoluciones', 'Stock/ctrlDevolucionNovedad', 'reply-all','Activo'),

(19, 'Consultar Devoluciones', 'Stock/ctrlConsultaDevolucion', 'search','Activo'),

(20, 'Consultar Prestamos', 'Stock/ctrlConsultarTratamiento', 'search','Activo'),

(21, 'Paciente Inicial', 'Pacientes/CtrlPacienteInicial', 'users','Activo'),

(22, 'Registro Paciente', 'Pacientes/CtrlRegistroPaciente', 'user-plus','Activo'),

(23, 'Consultar Usuarios', 'Programacion/ctrlConsultarUsuarios', 'users','Activo'),

(24, 'Consultar Agenda', 'Programacion/ctrlHistorialprogramacion', 'book','Activo'),

(25, 'Registrar Cita', 'Citas/CtrlCitas', 'calendar-plus-o','Activo'),

(26, 'Historial Cita', 'Citas/ctrlHistorialCitas', 'book','Activo'),

(27, 'Configuración', 'Citas/ctrlConfiguracionCup', 'cogs','Activo'),

(28, 'Confirmar Cita', 'HistoriaClinicaDMC/ctrlConsultarCita', 'check-square-o','Activo'),

(29, 'Consultar Datos', 'HistoriaClinicaDMC/ctrlConsultarHistoria', 'search','Activo'),

(30, 'Consultar Atención', 'HistoriaClinicaDMC/ctrlConsultarAtencion', 'spinner', 'Inactivo'),

(31, 'Consultar Ordenes', 'HistoriaClinicaDMC/ctrlConsultarOrdenes', 'spinner', 'Inactivo'),

(32, 'Descargar PDF', 'HistoriaClinicaDMC/ctrlDescargarPDF', 'spinner', 'Inactivo'),

(33, 'Registrar Antecedentes', 'HistoriaClinicaDMC/ctrlRegistrarAntecedentesExamenes', 'spinner', 'Inactivo'),

(34, 'Registrar Historia Clínica', 'HistoriaClinicaDMC/ctrlRegistrarHistoriaClinica', 'spinner', 'Inactivo'),

(35, 'Registrar Información Personal', 'HistoriaClinicaDMC/ctrlRegistrarInformacionPersonalAtencion', 'spinner', 'Inactivo'),

(36, 'Registrar Medicación ', 'HistoriaClinicaDMC/ctrlRegistrarMedicacion', 'spinner', 'Inactivo'),

(37, 'Registrar Ordenes Médicas', 'HistoriaClinicaDMC/ctrlRegistrarOrdenesMedicas', 'spinner', 'Inactivo'),

(38, 'Registrar Procedimientos', 'HistoriaClinicaDMC/ctrlRegistrarProcedimientoDiagnostico', 'spinner', 'Inactivo'),

(39, 'Registrar Signos Vitales', 'HistoriaClinicaDMC/ctrlRegistrarSignosVitales', 'spinner', 'Inactivo'),

(40, 'Antecedentes Paciente', 'ReporteAPH/ctrlAntecedentesPaciente', 'spinner', 'Inactivo'),

(41, 'Información General', 'ReporteAPH/ctrlInformacionGeneral', 'spinner', 'Inactivo'),

(42, 'Examen Fisico', 'ReporteAPH/ctrlExamenFisico', 'spinner', 'Inactivo'),

(43, 'Generar Reporte APH', 'ReporteAPH/ctrlGenerarReporteAPH', 'spinner', 'Inactivo'),

(44, 'Layout Reporte APH', 'ReporteAPH/ctrlLayoutReporteAPH', 'spinner', 'Inactivo'),

(45, 'Localización Lesiones', 'ReporteAPH/ctrlLocalizacionLesiones', 'spinner', 'Inactivo'),

(46, 'Medicamento', 'ReporteAPH/ctrlMedicamento', 'spinner', 'Inactivo'),

(47, 'Motivo Consulta', 'ReporteAPH/ctrlMotivoconsulta', 'spinner', 'Inactivo'),

(48, 'Reporte APH', 'ReporteAPH/ctrlReporteAPH', 'spinner', 'Inactivo'),

(49, 'Reporte Inicial', 'ReporteAPH/ctrlReporteInicial', 'spinner', 'Inactivo'),

(50, 'Resultados Atención', 'ReporteAPH/ctrlResultadosAtencion', 'spinner', 'Inactivo'),

(51, 'Tipo Evento', 'ReporteAPH/ctrlTipoEvento', 'spinner', 'Inactivo'),

(52, 'Tratamiento A', 'ReporteAPH/ctrlTratamientoA', 'spinner', 'Inactivo'),

(53, 'Tratamiento B', 'ReporteAPH/ctrlTratamientoB', 'spinner', 'Inactivo'),

(54, 'Consulta Recurso', 'Stock/ctrlConsultaRecurso', 'spinner', 'Inactivo'),

(55, 'Detalle Kit', 'Stock/ctrlDetalleKit', 'spinner', 'Inactivo'),

(56, 'Recursos', 'Stock/ctrlRecursos', 'spinner', 'Inactivo'),

(57, 'Registro Recurso', 'Stock/ctrlRegistroRecurso', 'spinner', 'Inactivo'),

(58, 'Calendario', 'Programacion/ctrlCalendario', 'spinner', 'Inactivo'),

(59, 'Programación', 'Programacion/ctrlCProgramacion', 'spinner', 'Inactivo'),

(60, 'Consulta Paciente', 'Pacientes/ctrlConsultaPaciente', 'spinner', 'Inactivo'),

(61, 'Modificar Persona', 'Usuarios/ctrlModificarPersona', 'spinner', 'Inactivo');


/*TABLA MODULO*/
INSERT INTO `tbl_modulo` (`idModulo`, `descripcionModulo`, `iconoModulo`) VALUES

(1, 'Cuentas de Usuario', 'user'),

(2, 'Reporte Inicial ', 'file-text'),

(3, 'Despachador', 'location-arrow'),

(4, 'Reporte APH', 'file-text'),

(5, 'Stock', 'th-large'),

(6, 'Paciente', 'users'),

(7, 'Programación', 'calendar-check-o'),

(8, 'Citas', 'edit'),

(9, 'Historia Clínica', 'user-md');

/*TABLA ROL*/
INSERT INTO `tbl_rol` (`idRol`, `descripcionRol`, `estadoTabla`) VALUES

(1, 'Administrador', 'Activo'),

(2, 'Paramedico', 'Activo'),

(3, 'Medico', 'Activo'),

(4, 'Auxiliar de Enfermeria', 'Activo'),

(5, 'Control Medico', 'Activo'),

(6, 'Enfermera Jefe', 'Activo'),

(7, 'Receptor Inicial', 'Activo'),

(8, 'Usuario', 'Activo'),

(9, 'Medico Externo', 'Activo');

/*TABLA ESPECIALIDAD*/
INSERT INTO `tbl_especialidad` (`idEspecialidad`, `descripcionEspecialidad`,

`estadoTabla`) VALUES

(1, 'Nutricionista', 'Activo'),

(2, 'Psicólogo', 'Activo'),

(3, 'Fisioterapeuta', 'Activo'),

(4, 'Médico General', 'Activo');


/*MODIFICAR LAS INSERCIONES EN LA TABLA ROLMODULOVISTA, QUE ES LA QUE DA LOS PERMISOS A TODOS LOS ROLES*/
INSERT INTO `tbl_rolmodulovista` (`idRolModuloVista`, `idRol`, `idModulo`, `idVista`)
VALUES

(1, 1, 1, 1),

(2, 1, 1, 2),

(3, 1, 1, 3),

(4, 1, 2, 4),

(5, 1, 2, 5),

(6, 1, 3, 7),

(7, 1, 3, 8),

(8, 1, 3, 9),

(9, 1, 3, 10),

(10, 1, 4, 11),

(11, 1, 4, 12),

(12, 1, 5, 13),

(13, 1, 5, 14),

(14, 1, 5, 15),

(15, 1, 5, 16),

(16, 1, 5, 17),

(17, 1, 5, 18),

(18, 1, 5, 19),

(19, 1, 5, 20),

(20, 1, 6, 21),

(21, 1, 6, 22),

(22, 1, 7, 23),

(23, 1, 7, 24),

(24, 1, 8, 25),

(25, 1, 8, 26),

(26, 1, 8, 27),

(27, 1, 9, 28),

(28, 1, 9, 29),

(29, 1, 9, 30),

(30, 1, 9, 31),

(31, 1, 9, 32),

(32, 1, 9, 33),

(33, 1, 9, 34),

(34, 1, 9, 35),

(35, 1, 9, 36),

(36, 1, 9, 37),

(37, 1, 4, 38),

(38, 1, 4, 39),

(39, 1, 4, 40),

(40, 1, 4, 41),

(41, 1, 4, 42),

(42, 1, 4, 43),

(43, 1, 4, 44),

(44, 1, 4, 45),

(45, 1, 4, 46),

(46, 1, 4, 47),

(47, 1, 4, 48),

(48, 1, 4, 49),

(49, 1, 4, 50),

(50, 1, 4, 51),

(51, 1, 5, 52),

(52, 1, 5, 53),

(53, 1, 5, 54),

(54, 1, 5, 55),

(55, 1, 2, 56),

(56, 1, 7, 57),

(57, 1, 7, 58),

(58, 1, 6, 59),

(59, 1, 3, 60),

(60, 1, 1, 61),

(61, 7, 2, 4),

(62, 7, 2, 5),

(63, 3, 3, 9),

(64, 3, 3, 10),

(65, 2, 3, 9),

(66, 2, 3, 10),

(67, 5, 4, 12),

(68, 3, 4, 11),

(69, 3, 4, 42),

(70, 3, 4, 43),

(71, 3, 4, 44),

(72, 3, 4, 45),

(73, 3, 4, 46),

(74, 3, 4, 47),

(75, 3, 4, 48),

(76, 3, 4, 49),

(77, 3, 4, 50),

(78, 3, 4, 51),

(79, 3, 4, 52),

(80, 3, 4, 53),

(81, 3, 4, 54),

(82, 3, 4, 55),

(83, 2, 4, 11),

(84, 2, 4, 42),

(85, 2, 4, 43),

(86, 2, 4, 44),

(87, 2, 4, 45),

(88, 2, 4, 46),

(89, 2, 4, 47),

(90, 2, 4, 48),

(91, 2, 4, 49),

(92, 2, 4, 50),

(93, 2, 4, 51),

(94, 2, 4, 52),

(95, 2, 4, 53),

(96, 2, 4, 54),

(97, 2, 4, 55),

(98, 3, 7, 24),

(99, 4, 7, 24),

(100, 6, 7, 24),

(101, 3, 9, 28),

(102, 3, 9, 35),

(103, 3, 9, 36),

(104, 3, 9, 37),

(105, 3, 9, 38),

(106, 3, 9, 39),

(107, 3, 9, 40),

(108, 3, 9, 41),

(109, 3, 9, 29),

(110, 3, 9, 30),

(111, 3, 9, 31),

(112, 3, 9, 33),

(113, 4, 9, 29),

(114, 4, 9, 30),

(115, 4, 9, 31),

(116, 4, 9, 33),

(117, 6, 9, 29),

(118, 6, 9, 30),

(119, 6, 9, 31),

(120, 6, 9, 33),

(121, 8, 2, 6);




/*DEPARTAMENTOS*/

INSERT INTO `tbl_departamento` (`idDepartamento`, `nombreDepartamento`) VALUES
(1, 'Amazonas'),
(2, 'Antioquia'),
(3, 'Arauca'),
(4, 'Atlántico'),
(5, 'Bolívar'),
(6, 'Boyacá'),
(7, 'Caldas'),
(8, 'Caquetá'),
(9, 'Casanare'),
(10, 'Cauca'),
(11, 'Cesar'),
(12, 'Chocó'),
(13, 'Córdoba'),
(14, 'Cundinamarca'),
(15, 'Guainía'),
(16, 'Guaviare'),
(17, 'Huila'),
(18, 'La Guajira'),
(19, 'Magdalena'),
(20, 'Meta'),
(21, 'Nariño'),
(22, 'Norte de Santander'),
(23, 'Putumayo'),
(24, 'Quindío'),
(25, 'Risaralda'),
(26, 'San Andrés y Providencia'),
(27, 'Santander'),
(28, 'Sucre'),
(29, 'Tolima'),
(30, 'Valle del Cauca'),
(31, 'Vaupés'),
(32, 'Vichada');



/* CIUDADES */

INSERT INTO `tbl_ciudad` (`idCiudad`, `nombreCiudad`) VALUES
(1, 'Medellín'),
(2, 'Abejorral'),
(3, 'Abriaquí'),
(4, 'Alejandría'),
(5, 'Amagá'),
(6, 'Amalfi'),
(7, 'Andes'),
(8, 'Angelópolis'),
(9, 'Angostura'),
(10, 'Anorí'),
(11, 'Santafé De Antioquia'),
(12, 'Anza'),
(13, 'Apartadó'),
(14, 'Arboletes'),
(15, 'Argelia'),
(16, 'Armenia'),
(17, 'Barbosa'),
(18, 'Belmira'),
(19, 'Bello'),
(20, 'Betania'),
(21, 'Betulia'),
(22, 'Ciudad Bolívar'),
(23, 'Briceño'),
(24, 'Buriticá'),
(25, 'Cáceres'),
(26, 'Caicedo'),
(27, 'Caldas'),
(28, 'Campamento'),
(29, 'Cañasgordas'),
(30, 'Caracolí'),
(31, 'Caramanta'),
(32, 'Carepa'),
(33, 'El Carmen De Viboral'),
(34, 'Carolina'),
(35, 'Caucasia'),
(36, 'Chigorodó'),
(37, 'Cisneros'),
(38, 'Cocorná'),
(39, 'Concepción'),
(40, 'Concordia'),
(41, 'Copacabana'),
(42, 'Dabeiba'),
(43, 'Don Matías'),
(44, 'Ebéjico'),
(45, 'El Bagre'),
(46, 'Entrerrios'),
(47, 'Envigado'),
(48, 'Fredonia'),
(49, 'Frontino'),
(50, 'Giraldo'),
(51, 'Girardota'),
(52, 'Gómez Plata'),
(53, 'Granada'),
(54, 'Guadalupe'),
(55, 'Guarne'),
(56, 'Guatape'),
(57, 'Heliconia'),
(58, 'Hispania'),
(59, 'Itagui'),
(60, 'Ituango'),
(61, 'Jardín'),
(62, 'Jericó'),
(63, 'La Ceja'),
(64, 'La Estrella'),
(65, 'La Pintada'),
(66, 'La Unión'),
(67, 'Liborina'),
(68, 'Maceo'),
(69, 'Marinilla'),
(70, 'Montebello'),
(71, 'Murindó'),
(72, 'Mutatá'),
(73, 'Nariño'),
(74, 'Necoclí'),
(75, 'Nechí'),
(76, 'Olaya'),
(77, 'Peñol'),
(78, 'Peque'),
(79, 'Pueblorrico'),
(80, 'Puerto Berrío'),
(81, 'Puerto Nare'),
(82, 'Puerto Triunfo'),
(83, 'Remedios'),
(84, 'Retiro'),
(85, 'Rionegro'),
(86, 'Sabanalarga'),
(87, 'Sabaneta'),
(88, 'Salgar'),
(89, 'San Andrés De Cuerquía'),
(90, 'San Carlos'),
(91, 'San Francisco'),
(92, 'San Jerónimo'),
(93, 'San José De La Montaña'),
(94, 'San Juan De Urabá'),
(95, 'San Luis'),
(96, 'San Pedro'),
(97, 'San Pedro De Uraba'),
(98, 'San Rafael'),
(99, 'San Roque'),
(100, 'San Vicente'),
(101, 'Santa Rosa De Osos'),
(102, 'Santo Domingo'),
(103, 'El Santuario'),
(104, 'Segovia'),
(105, 'Sonson'),
(106, 'Sopetrán'),
(107, 'Támesis'),
(108, 'Tarazá'),
(109, 'Tarso'),
(110, 'Titiribí'),
(111, 'Toledo'),
(112, 'Turbo'),
(113, 'Uramita'),
(114, 'Urrao'),
(115, 'Valdivia'),
(116, 'Valparaíso'),
(117, 'Vegachí'),
(118, 'Venecia'),
(119, 'Vigía Del Fuerte'),
(120, 'Yalí'),
(121, 'Yarumal'),
(122, 'Yolombó'),
(123, 'Yondó'),
(124, 'Zaragoza'),
(125, 'Barranquilla'),
(126, 'Baranoa'),
(127, 'Campo De La Cruz'),
(128, 'Candelaria'),
(129, 'Galapa'),
(130, 'Juan De Acosta'),
(131, 'Luruaco'),
(132, 'Malambo'),
(133, 'Manatí'),
(134, 'Palmar De Varela'),
(135, 'Piojó'),
(136, 'Polonuevo'),
(137, 'Ponedera'),
(138, 'Puerto Colombia'),
(139, 'Repelón'),
(140, 'Sabanagrande'),
(141, 'Sabanalarga'),
(142, 'Santa Lucía'),
(143, 'Santo Tomás'),
(144, 'Soledad'),
(145, 'Suan'),
(146, 'Tubará'),
(147, 'Usiacurí'),
(148, 'Bogotá, D.C.'),
(149, 'Cartagena'),
(150, 'Achí'),
(151, 'Altos Del Rosario'),
(152, 'Arenal'),
(153, 'Arjona'),
(154, 'Arroyohondo'),
(155, 'Barranco De Loba'),
(156, 'Calamar'),
(157, 'Cantagallo'),
(158, 'Cicuco'),
(159, 'Córdoba'),
(160, 'Clemencia'),
(161, 'El Carmen De Bolívar'),
(162, 'El Guamo'),
(163, 'El Peñón'),
(164, 'Hatillo De Loba'),
(165, 'Magangué'),
(166, 'Mahates'),
(167, 'Margarita'),
(168, 'María La Baja'),
(169, 'Montecristo'),
(170, 'Mompós'),
(171, 'Morales'),
(172, 'Pinillos'),
(173, 'Regidor'),
(174, 'Río Viejo'),
(175, 'San Cristóbal'),
(176, 'San Estanislao'),
(177, 'San Fernando'),
(178, 'San Jacinto'),
(179, 'San Jacinto Del Cauca'),
(180, 'San Juan Nepomuceno'),
(181, 'San Martín De Loba'),
(182, 'San Pablo'),
(183, 'Santa Catalina'),
(184, 'Santa Rosa'),
(185, 'Santa Rosa Del Sur'),
(186, 'Simití'),
(187, 'Soplaviento'),
(188, 'Talaigua Nuevo'),
(189, 'Tiquisio'),
(190, 'Turbaco'),
(191, 'Turbaná'),
(192, 'Villanueva'),
(193, 'Zambrano'),
(194, 'Tunja'),
(195, 'Almeida'),
(196, 'Aquitania'),
(197, 'Arcabuco'),
(198, 'Belén'),
(199, 'Berbeo'),
(200, 'Betéitiva'),
(201, 'Boavita'),
(202, 'Boyacá'),
(203, 'Briceño'),
(204, 'Buenavista'),
(205, 'Busbanzá'),
(206, 'Caldas'),
(207, 'Campohermoso'),
(208, 'Cerinza'),
(209, 'Chinavita'),
(210, 'Chiquinquirá'),
(211, 'Chiscas'),
(212, 'Chita'),
(213, 'Chitaraque'),
(214, 'Chivatá'),
(215, 'Ciénega'),
(216, 'Cómbita'),
(217, 'Coper'),
(218, 'Corrales'),
(219, 'Covarachía'),
(220, 'Cubará'),
(221, 'Cucaita'),
(222, 'Cuítiva'),
(223, 'Chíquiza'),
(224, 'Chivor'),
(225, 'Duitama'),
(226, 'El Cocuy'),
(227, 'El7aspino'),
(228, 'Firavitoba'),
(229, 'Floresta'),
(230, 'Gachantivá'),
(231, 'Gameza'),
(232, 'Garagoa'),
(233, 'Guacamayas'),
(234, 'Guateque'),
(235, 'Guayatá'),
(236, 'Güicán'),
(237, 'Iza'),
(238, 'Jenesano'),
(239, 'Jericó'),
(240, 'Labranzagrande'),
(241, 'La Capilla'),
(242, 'La Victoria'),
(243, 'La Uvita'),
(244, 'Villa De Leyva'),
(245, 'Macanal'),
(246, 'Maripí'),
(247, 'Miraflores'),
(248, 'Mongua'),
(249, 'Monguí'),
(250, 'Moniquirá'),
(251, 'Motavita'),
(252, 'Muzo'),
(253, 'Nobsa'),
(254, 'Nuevo Colón'),
(255, 'Oicatá'),
(256, 'Otanche'),
(257, 'Pachavita'),
(258, 'Páez'),
(259, 'Paipa'),
(260, 'Pajarito'),
(261, 'Panqueba'),
(262, 'Pauna'),
(263, 'Paya'),
(264, 'Paz De Río'),
(265, 'Pesca'),
(266, 'Pisba'),
(267, 'Puerto Boyacá'),
(268, 'Quípama'),
(269, 'Ramiriquí'),
(270, 'Ráquira'),
(271, 'Rondón'),
(272, 'Saboyá'),
(273, 'Sáchica'),
(274, 'Samacá'),
(275, 'San Eduardo'),
(276, 'San José De Pare'),
(277, 'San Luis De Gaceno'),
(278, 'San Mateo'),
(279, 'San Miguel De Sema'),
(280, 'San Pablo De Borbur'),
(281, 'Santana'),
(282, 'Santa María'),
(283, 'Santa Rosa De Viterbo'),
(284, 'Santa Sofía'),
(285, 'Sativanorte'),
(286, 'Sativasur'),
(287, 'Siachoque'),
(288, 'Soatá'),
(289, 'Socotá'),
(290, 'Socha'),
(291, 'Sogamoso'),
(292, 'Somondoco'),
(293, 'Sora'),
(294, 'Sotaquirá'),
(295, 'Soracá'),
(296, 'Susacón'),
(297, 'Sutamarchán'),
(298, 'Sutatenza'),
(299, 'Tasco'),
(300, 'Tenza'),
(301, 'Tibaná'),
(302, 'Tibasosa'),
(303, 'Tinjacá'),
(304, 'Tipacoque'),
(305, 'Toca'),
(306, 'Togüí'),
(307, 'Tópaga'),
(308, 'Tota'),
(309, 'Tununguá'),
(310, 'Turmequé'),
(311, 'Tuta'),
(312, 'Tutazá'),
(313, 'Umbita'),
(314, 'Ventaquemada'),
(315, 'Viracachá'),
(316, 'Zetaquira'),
(317, 'Manizales'),
(318, 'Aguadas'),
(319, 'Anserma'),
(320, 'Aranzazu'),
(321, 'Belalcázar'),
(322, 'Chinchiná'),
(323, 'Filadelfia'),
(324, 'La Dorada'),
(325, 'La Merced'),
(326, 'Manzanares'),
(327, 'Marmato'),
(328, 'Marquetalia'),
(329, 'Marulanda'),
(330, 'Neira'),
(331, 'Norcasia'),
(332, 'Pácora'),
(333, 'Palestina'),
(334, 'Pensilvania'),
(335, 'Riosucio'),
(336, 'Risaralda'),
(337, 'Salamina'),
(338, 'Samaná'),
(339, 'San José'),
(340, 'Supía'),
(341, 'Victoria'),
(342, 'Villamaría'),
(343, 'Viterbo'),
(344, 'Florencia'),
(345, 'Albania'),
(346, 'Belén De Los Andaquies'),
(347, 'Cartagena Del Chairá'),
(348, 'Curillo'),
(349, 'El Doncello'),
(350, 'El Paujil'),
(351, 'La Montañita'),
(352, 'Milán'),
(353, 'Morelia'),
(354, 'Puerto Rico'),
(355, 'San José Del Fragua'),
(356, 'San Vicente Del Caguán'),
(357, 'Solano'),
(358, 'Solita'),
(359, 'Valparaíso'),
(360, 'Popayán'),
(361, 'Almaguer'),
(362, 'Argelia'),
(363, 'Balboa'),
(364, 'Bolívar'),
(365, 'Buenos Aires'),
(366, 'Cajibío'),
(367, 'Caldono'),
(368, 'Caloto'),
(369, 'Corinto'),
(370, 'El Tambo'),
(371, 'Florencia'),
(372, 'Guachené'),
(373, 'Guapi'),
(374, 'Inzá'),
(375, 'Jambaló'),
(376, 'La Sierra'),
(377, 'La Vega'),
(378, 'López'),
(379, 'Mercaderes'),
(380, 'Miranda'),
(381, 'Morales'),
(382, 'Padilla'),
(383, 'Paez'),
(384, 'Patía'),
(385, 'Piamonte'),
(386, 'Piendamó'),
(387, 'Puerto Tejada'),
(388, 'Puracé'),
(389, 'Rosas'),
(390, 'San Sebastián'),
(391, 'Santander De Quilichao'),
(392, 'Santa Rosa'),
(393, 'Silvia'),
(394, 'Sotara'),
(395, 'Suárez'),
(396, 'Sucre'),
(397, 'Timbío'),
(398, 'Timbiquí'),
(399, 'Toribio'),
(400, 'Totoró'),
(401, 'Villa Rica'),
(402, 'Valledupar'),
(403, 'Aguachica'),
(404, 'Agustín Codazzi'),
(405, 'Astrea'),
(406, 'Becerril'),
(407, 'Bosconia'),
(408, 'Chimichagua'),
(409, 'Chiriguaná'),
(410, 'Curumaní'),
(411, 'El Copey'),
(412, 'El Paso'),
(413, 'Gamarra'),
(414, 'González'),
(415, 'La Gloria'),
(416, 'La Jagua De Ibirico'),
(417, 'Manaure'),
(418, 'Pailitas'),
(419, 'Pelaya'),
(420, 'Pueblo Bello'),
(421, 'Río De Oro'),
(422, 'La Paz'),
(423, 'San Alberto'),
(424, 'San Diego'),
(425, 'San Martín'),
(426, 'Tamalameque'),
(427, 'Montería'),
(428, 'Ayapel'),
(429, 'Buenavista'),
(430, 'Canalete'),
(431, 'Cereté'),
(432, 'Chimá'),
(433, 'Chinú'),
(434, 'Ciénaga De Oro'),
(435, 'Cotorra'),
(436, 'La Apartada'),
(437, 'Lorica'),
(438, 'Los Córdobas'),
(439, 'Momil'),
(440, 'Montelíbano'),
(441, 'Moñitos'),
(442, 'Planeta Rica'),
(443, 'Pueblo Nuevo'),
(444, 'Puerto Escondido'),
(445, 'Puerto Libertador'),
(446, 'Purísima'),
(447, 'Sahagún'),
(448, 'San Andrés Sotavento'),
(449, 'San Antero'),
(450, 'San Bernardo Del Viento'),
(451, 'San Carlos'),
(452, 'San Pelayo'),
(453, 'Tierralta'),
(454, 'Valencia'),
(455, 'Agua De Dios'),
(456, 'Albán'),
(457, 'Anapoima'),
(458, 'Anolaima'),
(459, 'Arbeláez'),
(460, 'Beltrán'),
(461, 'Bituima'),
(462, 'Bojacá'),
(463, 'Cabrera'),
(464, 'Cachipay'),
(465, 'Cajicá'),
(466, 'Caparrapí'),
(467, 'Caqueza'),
(468, 'Carmen De Carupa'),
(469, 'Chaguaní'),
(470, 'Chía'),
(471, 'Chipaque'),
(472, 'Choachí'),
(473, 'Chocontá'),
(474, 'Cogua'),
(475, 'Cota'),
(476, 'Cucunubá'),
(477, 'El Colegio'),
(478, 'El Peñón'),
(479, 'El Rosal'),
(480, 'Facatativá'),
(481, 'Fomeque'),
(482, 'Fosca'),
(483, 'Funza'),
(484, 'Fúquene'),
(485, 'Fusagasugá'),
(486, 'Gachala'),
(487, 'Gachancipá'),
(488, 'Gachetá'),
(489, 'Gama'),
(490, 'Girardot'),
(491, 'Granada'),
(492, 'Guachetá'),
(493, 'Guaduas'),
(494, 'Guasca'),
(495, 'Guataquí'),
(496, 'Guatavita'),
(497, 'Guayabal De Siquima'),
(498, 'Guayabetal'),
(499, 'Gutiérrez'),
(500, 'Jerusalén'),
(501, 'Junín'),
(502, 'La Calera'),
(503, 'La Mesa'),
(504, 'La Palma'),
(505, 'La Peña'),
(506, 'La Vega'),
(507, 'Lenguazaque'),
(508, 'Macheta'),
(509, 'Madrid'),
(510, 'Manta'),
(511, 'Medina'),
(512, 'Mosquera'),
(513, 'Nariño'),
(514, 'Nemocón'),
(515, 'Nilo'),
(516, 'Nimaima'),
(517, 'Nocaima'),
(518, 'Venecia'),
(519, 'Pacho'),
(520, 'Pandi'),
(521, 'Paratebueno'),
(522, 'Pasca'),
(523, 'Puerto Salgar'),
(524, 'Pulí'),
(525, 'Quebradanegra'),
(526, 'Quetame'),
(527, 'Quipile'),
(528, 'Apulo'),
(529, 'Ricaurte'),
(530, 'San Antonio Del Tequendama'),
(531, 'San Bernardo'),
(532, 'San Cayetano'),
(533, 'San Francisco'),
(534, 'San Juan De Río Seco'),
(535, 'Sasaima'),
(536, 'Sesquilé'),
(537, 'Sibaté'),
(538, 'Silvania'),
(539, 'Simijaca'),
(540, 'Soacha'),
(541, 'Sopó'),
(542, 'Subachoque'),
(543, 'Suesca'),
(544, 'Supatá'),
(545, 'Susa'),
(546, 'Sutatausa'),
(547, 'Tabio'),
(548, 'Tausa'),
(549, 'Tena'),
(550, 'Tenjo'),
(551, 'Tibacuy'),
(552, 'Tibirita'),
(553, 'Tocaima'),
(554, 'Tocancipá'),
(555, 'Topaipí'),
(556, 'Ubalá'),
(557, 'Ubaque'),
(558, 'Villa De San Diego De Ubate'),
(559, 'Une'),
(560, 'Útica'),
(561, 'Vergara'),
(562, 'Vianí'),
(563, 'Villagómez'),
(564, 'Villapinzón'),
(565, 'Villeta'),
(566, 'Viotá'),
(567, 'Yacopí'),
(568, 'Zipacón'),
(569, 'Zipaquirá'),
(570, 'Quibdó'),
(571, 'Acandí'),
(572, 'Alto Baudo'),
(573, 'Atrato'),
(574, 'Bagadó'),
(575, 'Bahía Solano'),
(576, 'Bajo Baudó'),
(577, 'Belén De Bajirá'),
(578, 'Bojaya'),
(579, 'El Cantón Del San Pablo'),
(580, 'Carmen Del Darien'),
(581, 'Cértegui'),
(582, 'Condoto'),
(583, 'El Carmen De Atrato'),
(584, 'El Litoral Del San Juan'),
(585, 'Istmina'),
(586, 'Juradó'),
(587, 'Lloró'),
(588, 'Medio Atrato'),
(589, 'Medio Baudó'),
(590, 'Medio San Juan'),
(591, 'Nóvita'),
(592, 'Nuquí'),
(593, 'Río Iro'),
(594, 'Río Quito'),
(595, 'Riosucio'),
(596, 'San José Del Palmar'),
(597, 'Sipí'),
(598, 'Tadó'),
(599, 'Unguía'),
(600, 'Unión Panamericana'),
(601, 'Neiva'),
(602, 'Acevedo'),
(603, 'Agrado'),
(604, 'Aipe'),
(605, 'Algeciras'),
(606, 'Altamira'),
(607, 'Baraya'),
(608, 'Campoalegre'),
(609, 'Colombia'),
(610, 'Elías'),
(611, 'Garzón'),
(612, 'Gigante'),
(613, 'Guadalupe'),
(614, 'Hobo'),
(615, 'Iquira'),
(616, 'Isnos'),
(617, 'La Argentina'),
(618, 'La Plata'),
(619, 'Nátaga'),
(620, 'Oporapa'),
(621, 'Paicol'),
(622, 'Palermo'),
(623, 'Palestina'),
(624, 'Pital'),
(625, 'Pitalito'),
(626, 'Rivera'),
(627, 'Saladoblanco'),
(628, 'San Agustín'),
(629, 'Santa María'),
(630, 'Suaza'),
(631, 'Tarqui'),
(632, 'Tesalia'),
(633, 'Tello'),
(634, 'Teruel'),
(635, 'Timaná'),
(636, 'Villavieja'),
(637, 'Yaguará'),
(638, 'Riohacha'),
(639, 'Albania'),
(640, 'Barrancas'),
(641, 'Dibulla'),
(642, 'Distracción'),
(643, 'El Molino'),
(644, 'Fonseca'),
(645, 'Hatonuevo'),
(646, 'La Jagua Del Pilar'),
(647, 'Maicao'),
(648, 'Manaure'),
(649, 'San Juan Del Cesar'),
(650, 'Uribia'),
(651, 'Urumita'),
(652, 'Villanueva'),
(653, 'Santa Marta'),
(654, 'Algarrobo'),
(655, 'Aracataca'),
(656, 'Ariguaní'),
(657, 'Cerro San Antonio'),
(658, 'Chibolo'),
(659, 'Ciénaga'),
(660, 'Concordia'),
(661, 'El Banco'),
(662, 'El Piñon'),
(663, 'El Retén'),
(664, 'Fundación'),
(665, 'Guamal'),
(666, 'Nueva Granada'),
(667, 'Pedraza'),
(668, 'Pijiño Del Carmen'),
(669, 'Pivijay'),
(670, 'Plato'),
(671, 'Puebloviejo'),
(672, 'Remolino'),
(673, 'Sabanas De San Angel'),
(674, 'Salamina'),
(675, 'San Sebastián De Buenavista'),
(676, 'San Zenón'),
(677, 'Santa Ana'),
(678, 'Santa Bárbara De Pinto'),
(679, 'Sitionuevo'),
(680, 'Tenerife'),
(681, 'Zapayán'),
(682, 'Zona Bananera'),
(683, 'Villavicencio'),
(684, 'Acacías'),
(685, 'Barranca De Upía'),
(686, 'Cabuyaro'),
(687, 'Castilla La Nueva'),
(688, 'Cubarral'),
(689, 'Cumaral'),
(690, 'El Calvario'),
(691, 'El Castillo'),
(692, 'El Dorado'),
(693, 'Fuente De Oro'),
(694, 'Granada'),
(695, 'Guamal'),
(696, 'Mapiripán'),
(697, 'Mesetas'),
(698, 'La Macarena'),
(699, 'Uribe'),
(700, 'Lejanías'),
(701, 'Puerto Concordia'),
(702, 'Puerto Gaitán'),
(703, 'Puerto López'),
(704, 'Puerto Lleras'),
(705, 'Puerto Rico'),
(706, 'Restrepo'),
(707, 'San Carlos De Guaroa'),
(708, 'San Juan De Arama'),
(709, 'San Juanito'),
(710, 'San Martín'),
(711, 'Vistahermosa'),
(712, 'Pasto'),
(713, 'Albán'),
(714, 'Aldana'),
(715, 'Ancuyá'),
(716, 'Arboleda'),
(717, 'Barbacoas'),
(718, 'Belén'),
(719, 'Buesaco'),
(720, 'Colón'),
(721, 'Consaca'),
(722, 'Contadero'),
(723, 'Córdoba'),
(724, 'Cuaspud'),
(725, 'Cumbal'),
(726, 'Cumbitara'),
(727, 'Chachagüí'),
(728, 'El Charco'),
(729, 'El Peñol'),
(730, 'El Rosario'),
(731, 'El Tablón De Gómez'),
(732, 'El Tambo'),
(733, 'Funes'),
(734, 'Guachucal'),
(735, 'Guaitarilla'),
(736, 'Gualmatán'),
(737, 'Iles'),
(738, 'Imués'),
(739, 'Ipiales'),
(740, 'La Cruz'),
(741, 'La Florida'),
(742, 'La Llanada'),
(743, 'La Tola'),
(744, 'La Unión'),
(745, 'Leiva'),
(746, 'Linares'),
(747, 'Los Andes'),
(748, 'Magüi'),
(749, 'Mallama'),
(750, 'Mosquera'),
(751, 'Nariño'),
(752, 'Olaya Herrera'),
(753, 'Ospina'),
(754, 'Francisco Pizarro'),
(755, 'Policarpa'),
(756, 'Potosí'),
(757, 'Providencia'),
(758, 'Puerres'),
(759, 'Pupiales'),
(760, 'Ricaurte'),
(761, 'Roberto Payán'),
(762, 'Samaniego'),
(763, 'Sandoná'),
(764, 'San Bernardo'),
(765, 'San Lorenzo'),
(766, 'San Pablo'),
(767, 'San Pedro De Cartago'),
(768, 'Santa Bárbara'),
(769, 'Santacruz'),
(770, 'Sapuyes'),
(771, 'Taminango'),
(772, 'Tangua'),
(773, 'San Andres De Tumaco'),
(774, 'Túquerres'),
(775, 'Yacuanquer'),
(776, 'Cúcuta'),
(777, 'Abrego'),
(778, 'Arboledas'),
(779, 'Bochalema'),
(780, 'Bucarasica'),
(781, 'Cácota'),
(782, 'Cachirá'),
(783, 'Chinácota'),
(784, 'Chitagá'),
(785, 'Convención'),
(786, 'Cucutilla'),
(787, 'Durania'),
(788, 'El Carmen'),
(789, 'El Tarra'),
(790, 'El Zulia'),
(791, 'Gramalote'),
(792, 'Hacarí'),
(793, 'Herrán'),
(794, 'Labateca'),
(795, 'La Esperanza'),
(796, 'La Playa'),
(797, 'Los Patios'),
(798, 'Lourdes'),
(799, 'Mutiscua'),
(800, 'Ocaña'),
(801, 'Pamplona'),
(802, 'Pamplonita'),
(803, 'Puerto Santander'),
(804, 'Ragonvalia'),
(805, 'Salazar'),
(806, 'San Calixto'),
(807, 'San Cayetano'),
(808, 'Santiago'),
(809, 'Sardinata'),
(810, 'Silos'),
(811, 'Teorama'),
(812, 'Tibú'),
(813, 'Toledo'),
(814, 'Villa Caro'),
(815, 'Villa Del Rosario'),
(816, 'Armenia'),
(817, 'Buenavista'),
(818, 'Calarca'),
(819, 'Circasia'),
(820, 'Córdoba'),
(821, 'Filandia'),
(822, 'Génova'),
(823, 'La Tebaida'),
(824, 'Montenegro'),
(825, 'Pijao'),
(826, 'Quimbaya'),
(827, 'Salento'),
(828, 'Pereira'),
(829, 'Apía'),
(830, 'Balboa'),
(831, 'Belén De Umbría'),
(832, 'Dosquebradas'),
(833, 'Guática'),
(834, 'La Celia'),
(835, 'La Virginia'),
(836, 'Marsella'),
(837, 'Mistrató'),
(838, 'Pueblo Rico'),
(839, 'Quinchía'),
(840, 'Santa Rosa De Cabal'),
(841, 'Santuario'),
(842, 'Bucaramanga'),
(843, 'Aguada'),
(844, 'Albania'),
(845, 'Aratoca'),
(846, 'Barbosa'),
(847, 'Barichara'),
(848, 'Barrancabermeja'),
(849, 'Betulia'),
(850, 'Bolívar'),
(851, 'Cabrera'),
(852, 'California'),
(853, 'Capitanejo'),
(854, 'Carcasí'),
(855, 'Cepitá'),
(856, 'Cerrito'),
(857, 'Charalá'),
(858, 'Charta'),
(859, 'Chima'),
(860, 'Chipatá'),
(861, 'Cimitarra'),
(862, 'Concepción'),
(863, 'Confines'),
(864, 'Contratación'),
(865, 'Coromoro'),
(866, 'Curití'),
(867, 'El Carmen De Chucurí'),
(868, 'El Guacamayo'),
(869, 'El Peñón'),
(870, 'El Playón'),
(871, 'Encino'),
(872, 'Enciso'),
(873, 'Florián'),
(874, 'Floridablanca'),
(875, 'Galán'),
(876, 'Gambita'),
(877, 'Girón'),
(878, 'Guaca'),
(879, 'Guadalupe'),
(880, 'Guapotá'),
(881, 'Guavatá'),
(882, 'Güepsa'),
(883, 'Hato'),
(884, 'Jesús María'),
(885, 'Jordán'),
(886, 'La Belleza'),
(887, 'Landázuri'),
(888, 'La Paz'),
(889, 'Lebríja'),
(890, 'Los Santos'),
(891, 'Macaravita'),
(892, 'Málaga'),
(893, 'Matanza'),
(894, 'Mogotes'),
(895, 'Molagavita'),
(896, 'Ocamonte'),
(897, 'Oiba'),
(898, 'Onzaga'),
(899, 'Palmar'),
(900, 'Palmas Del Socorro'),
(901, 'Páramo'),
(902, 'Piedecuesta'),
(903, 'Pinchote'),
(904, 'Puente Nacional'),
(905, 'Puerto Parra'),
(906, 'Puerto Wilches'),
(907, 'Rionegro'),
(908, 'Sabana De Torres'),
(909, 'San Andrés'),
(910, 'San Benito'),
(911, 'San Gil'),
(912, 'San Joaquín'),
(913, 'San José De Miranda'),
(914, 'San Miguel'),
(915, 'San Vicente De Chucurí'),
(916, 'Santa Bárbara'),
(917, 'Santa Helena Del Opón'),
(918, 'Simacota'),
(919, 'Socorro'),
(920, 'Suaita'),
(921, 'Sucre'),
(922, 'Suratá'),
(923, 'Tona'),
(924, 'Valle De San José'),
(925, 'Vélez'),
(926, 'Vetas'),
(927, 'Villanueva'),
(928, 'Zapatoca'),
(929, 'Sincelejo'),
(930, 'Buenavista'),
(931, 'Caimito'),
(932, 'Coloso'),
(933, 'Corozal'),
(934, 'Coveñas'),
(935, 'Chalán'),
(936, 'El Roble'),
(937, 'Galeras'),
(938, 'Guaranda'),
(939, 'La Unión'),
(940, 'Los Palmitos'),
(941, 'Majagual'),
(942, 'Morroa'),
(943, 'Ovejas'),
(944, 'Palmito'),
(945, 'Sampués'),
(946, 'San Benito Abad'),
(947, 'San Juan De Betulia'),
(948, 'San Marcos'),
(949, 'San Onofre'),
(950, 'San Pedro'),
(951, 'San Luis De Sincé'),
(952, 'Sucre'),
(953, 'Santiago De Tolú'),
(954, 'Tolú Viejo'),
(955, 'Ibagué'),
(956, 'Alpujarra'),
(957, 'Alvarado'),
(958, 'Ambalema'),
(959, 'Anzoátegui'),
(960, 'Armero'),
(961, 'Ataco'),
(962, 'Cajamarca'),
(963, 'Carmen De Apicalá'),
(964, 'Casabianca'),
(965, 'Chaparral'),
(966, 'Coello'),
(967, 'Coyaima'),
(968, 'Cunday'),
(969, 'Dolores'),
(970, 'Espinal'),
(971, 'Falan'),
(972, 'Flandes'),
(973, 'Fresno'),
(974, 'Guamo'),
(975, 'Herveo'),
(976, 'Honda'),
(977, 'Icononzo'),
(978, 'Lérida'),
(979, 'Líbano'),
(980, 'Mariquita'),
(981, 'Melgar'),
(982, 'Murillo'),
(983, 'Natagaima'),
(984, 'Ortega'),
(985, 'Palocabildo'),
(986, 'Piedras'),
(987, 'Planadas'),
(988, 'Prado'),
(989, 'Purificación'),
(990, 'Rioblanco'),
(991, 'Roncesvalles'),
(992, 'Rovira'),
(993, 'Saldaña'),
(994, 'San Antonio'),
(995, 'San Luis'),
(996, 'Santa Isabel'),
(997, 'Suárez'),
(998, 'Valle De San Juan'),
(999, 'Venadillo'),
(1000, 'Villahermosa'),
(1001, 'Villarrica'),
(1002, 'Cali'),
(1003, 'Alcalá'),
(1004, 'Andalucía'),
(1005, 'Ansermanuevo'),
(1006, 'Argelia'),
(1007, 'Bolívar'),
(1008, 'Buenaventura'),
(1009, 'Guadalajara De Buga'),
(1010, 'Bugalagrande'),
(1011, 'Caicedonia'),
(1012, 'Calima'),
(1013, 'Candelaria'),
(1014, 'Cartago'),
(1015, 'Dagua'),
(1016, 'El Águila'),
(1017, 'El Cairo'),
(1018, 'El Cerrito'),
(1019, 'El Dovio'),
(1020, 'Florida'),
(1021, 'Ginebra'),
(1022, 'Guacarí'),
(1023, 'Jamundí'),
(1024, 'La Cumbre'),
(1025, 'La Unión'),
(1026, 'La Victoria'),
(1027, 'Obando'),
(1028, 'Palmira'),
(1029, 'Pradera'),
(1030, 'Restrepo'),
(1031, 'Riofrío'),
(1032, 'Roldanillo'),
(1033, 'San Pedro'),
(1034, 'Sevilla'),
(1035, 'Toro'),
(1036, 'Trujillo'),
(1037, 'Tuluá'),
(1038, 'Ulloa'),
(1039, 'Versalles'),
(1040, 'Vijes'),
(1041, 'Yotoco'),
(1042, 'Yumbo'),
(1043, 'Zarzal'),
(1044, 'Arauca'),
(1045, 'Arauquita'),
(1046, 'Cravo Norte'),
(1047, 'Fortul'),
(1048, 'Puerto Rondón'),
(1049, 'Saravena'),
(1050, 'Tame'),
(1051, 'Yopal'),
(1052, 'Aguazul'),
(1053, 'Chameza'),
(1054, 'Hato Corozal'),
(1055, 'La Salina'),
(1056, 'Maní'),
(1057, 'Monterrey'),
(1058, 'Nunchía'),
(1059, 'Orocué'),
(1060, 'Paz De Ariporo'),
(1061, 'Pore'),
(1062, 'Recetor'),
(1063, 'Sabanalarga'),
(1064, 'Sácama'),
(1065, 'San Luis De Palenque'),
(1066, 'Támara'),
(1067, 'Tauramena'),
(1068, 'Trinidad'),
(1069, 'Villanueva'),
(1070, 'Mocoa'),
(1071, 'Colón'),
(1072, 'Orito'),
(1073, 'Puerto Asís'),
(1074, 'Puerto Caicedo'),
(1075, 'Puerto Guzmán'),
(1076, 'Leguízamo'),
(1077, 'Sibundoy'),
(1078, 'San Francisco'),
(1079, 'San Miguel'),
(1080, 'Santiago'),
(1081, 'Valle Del Guamuez'),
(1082, 'Villagarzón'),
(1083, 'San Andrés'),
(1084, 'Providencia'),
(1085, 'Leticia'),
(1086, 'El Encanto'),
(1087, 'La Chorrera'),
(1088, 'La Pedrera'),
(1089, 'La Victoria'),
(1090, 'Miriti - Paraná'),
(1091, 'Puerto Alegría'),
(1092, 'Puerto Arica'),
(1093, 'Puerto Nariño'),
(1094, 'Puerto Santander'),
(1095, 'Tarapacá'),
(1096, 'Inírida'),
(1097, 'Barranco Minas'),
(1098, 'Mapiripana'),
(1099, 'San Felipe'),
(1100, 'Puerto Colombia'),
(1101, 'La Guadalupe'),
(1102, 'Cacahual'),
(1103, 'Pana Pana'),
(1104, 'Morichal'),
(1105, 'San José Del Guaviare'),
(1106, 'Calamar'),
(1107, 'El Retorno'),
(1108, 'Miraflores'),
(1109, 'Mitú'),
(1110, 'Caruru'),
(1111, 'Pacoa'),
(1112, 'Taraira'),
(1113, 'Papunaua'),
(1114, 'Yavaraté'),
(1115, 'Puerto Carreño'),
(1116, 'La Primavera'),
(1117, 'Santa Rosalía'),
(1118, 'Cumaribo');



INSERT INTO `tbl_tipodocumento` (`idTipoDocumento`, `descripcionTdocumento`, `estadoTabla`)
VALUES
(NULL, 'Cédula de Ciudadanía', 'Activo'),
(NULL, 'Tarjeta de Identidad', 'Activo'),
(NULL, 'Registro Civil', 'Activo'),
(NULL, 'Documento de Extranjería', 'Activo'),
(NULL, 'Otro', 'Activo');


/*TABLA PERSONA*/
INSERT INTO `tbl_persona` (`idPersona`, `primerNombre`, `segundoNombre`, `primerApellido`, `segundoApellido`, `idTipoDocumento`, `numeroDocumento`, `lugarExpedicionDocumento`, `fechaNacimiento`, `lugarNacimiento`, `sexo`, `direccion`, `telefono`, `correoElectronico`, `grupoSanguineo`, `ciudad`, `departamento`, `pais`, `urlHojaDeVida`, `urlFirma`, `urlFoto`, `estadoTablaPersona`, `dependencia`) VALUES
(1, 'Luisa', 'Fernanda', 'Parra', 'Arboleda', 1, '1045050624', 'Tamesis', '1997-09-25', 'Tamesis', 'Femenino', 'Calle 30A #72-05', '2357684', 'lfparra25@misena.edu.co', 'O+', 'Medellin', 'Antioquia', 'Colombia', NULL, NULL, 'Public/Img/Usuarios/FotosPersona/default.png', 'Activo', 'APH'),
(2, 'Gabriel', 'Jaime', 'Marin', 'Isaza', 1, '1035039815', 'Copacabana', '1998-01-28', 'Bello', 'Masculino', 'cra 70 cll 3b-02', '2379195', 'gjmarin5@misena.edu.co', 'A+', 'Medellin', 'Antioquia', 'Colombia', NULL, NULL, 'Public/Img/Usuarios/FotosPersona/default.png', 'Activo', 'APH'),
(3, 'Daniela ', 'Maria', 'Usuga', 'Usuga', 1, '1001544711', 'Medellin', '1997-09-22', 'Frontino', 'Femenino', 'cll 54 #34b', '4382858', 'usuga-@hotmail.com', 'B+', 'Medellin', 'Antioquia', 'Colombia', NULL, NULL, 'Public/Img/Usuarios/FotosPersona/default.png', 'Activo', 'Domiciliaria'),
(4, 'Juan ', 'Carlos', 'Valencia', 'Panchana', 1, '102048343', 'Bello', '1997-09-01', 'Bello', 'Masculino', 'Av. 47A #63-75', '2066967', 'jcvalencia72@misena.edu.co', 'A+', 'Medellin', 'Antioquia', 'Colombia', NULL, NULL, 'Public/Img/Usuarios/FotosPersona/default.png', 'Activo', 'APH'),
(5, 'Santiago', '', 'Giraldo', 'Escudero', 1, '1000634785', 'Bello', '1997-12-05', 'Medellin', 'Masculino', 'cra. 98 #01-01', '3205966848', 'sgiraldo58@misena.edu.co', 'A+', 'Medellin', 'Antioquia', 'Colombia', NULL, NULL, 'Public/Img/Usuarios/FotosPersona/default.png', 'Activo', 'APH'),
(6, 'Yoni', 'Esneider', 'Rivera', 'Rodriguez', 1, '1035434042', 'Copacabana', '1995-08-04', 'Niquia', 'Masculino', 'Av. 37 #55-26', '4835587', 'yoniriveratennis@gmail.com', 'O+', 'Medellin', 'Antioquia', 'Colombia', NULL, NULL, 'Public/Img/Usuarios/FotosPersona/default.png', 'Activo', 'APH'),
(7, 'Leydy', 'Tatiana', 'Zapata', 'Rios', 1, '1045050151', 'Tamesis', '1996-07-12', 'Valparaiso', 'Femenino', 'cra. 56 cll56 A 25', '3778067', 'ltzapata1@misena.edu.co', 'A+', 'Medellin', 'Antioquia', 'Colmobia', NULL, NULL, 'Public/Img/Usuarios/FotosPersona/default.png', 'Activo', 'Domiciliaria'),
(8, 'Daniel', 'Felipe', 'Lopez', 'Restrepo', 1, '1045048022', 'Medellin', '1995-07-30', 'Sabaneta', 'Masculino', 'Dg 9 # 13-50', '5785044', 'leydyzapata03@gmail.com', 'B+', 'Medellin', 'Antioquia', 'Colombia', NULL, NULL, 'Public/Img/Usuarios/FotosPersona/default.png', 'Activo', 'APH'),
(9, 'Monica', 'Alejandra', 'Rojas', 'Valencia', 1, '1045047030', '', '1997-01-02', '', 'Femenino', 'Cra. 5 #10A-89', '2880741', 'mapa8823@hotmail.com', '', 'Medellin', 'Antioquia', 'Colombia', '', '', 'Public/Img/Usuarios/FotosPersona/default.png', 'Activo', '');


-- USUARIOS Y CONTRASEÑAS POR DEFECTO
-- ========================================
-- Administrador:
-- User: fernanda05
-- psw: admin123
-- ========================================
-- Control Medico:
-- User: gjmarin5
-- psw: controlmedico123
-- ========================================
-- Enfermera Jefe:
-- User: usuga97
-- psw: enfermera123
-- ========================================
-- Paramedico:
-- User: jcvalencia72
-- psw: paramedico123
-- ========================================
-- Médico:
-- User: sgiraldo58
-- psw: medico123
-- ========================================
-- Receptor:
-- User: yonirivera
-- psw: receptor123
-- ========================================
-- Auxiliar de Enfermeria:
-- User: ltzapata1
-- psw: auxiliar123
-- ========================================
-- Medico Externo:
-- User: leydyzapata03@gmail.com
-- psw: medicoexterno123
-- ========================================
-- Usuario:
-- User: monica02
-- psw: usuario123
-- ========================================



/*TABLA CUENTAS DE USUARIO*/
INSERT INTO `tbl_cuentausuario` (`idUsuario`, `idPersona`, `usuario`, `clave`, `idRol`) VALUES
(1, 1, 'fernanda05', '+Lsd3riJePoBTC+vWKyJZRwdwL81D+Qua/93f+eleWY=', 1),
(2, 2, 'gjmarin5', 'kRjOs8EWGn96CcDkQZkLS3ArXwb8+pyDA1mNzqZyCPE=', 5),
(3, 3, 'usuga97', 'Gg0DxoPzWroidov9n9z9mJcFbczd9nAE2q/UVyMtkdk=', 6),
(4, 4, 'jcvalencia72', 'z26OMZv+9z58jBr7G1xfcYjvIJ+nqLYji9fsu327eVQ=', 2),
(5, 5, 'sgiraldo58', 'VoFtj1ciTbegQ/pynOqeidtmtJ2lcTVMPzBKsLhRC0Q=', 3),
(6, 6, 'yonirivera', '26wX7oSVXx/2fvRimW4AgGpfhk6e5TbPVgPmq5nynHQ=', 7),
(7, 7, 'ltzapata1', 'q478mkh259KzujbN9YSwcSYJje1LAOLWs0KvEYL4byY=', 4),
(8, 8, 'leydyzapata03@gmail.com', 'zACxC5YOmnlQGAdKAki+ZHq+GYzGvsvQ8q0sfC6cdAc=', 9),
(9, 9, 'monica02', 'AXUEDLSOFWL9I2DnhHtMpHPTfqSMb7ow7CCOVXedcO0=', 8);
